{
    "rmse": 0.686975312641504,
    "mae": 0.5537508585872812,
    "r2": 0.21722494579716023
}